entity_id,type,payment_id,order_id,amount,fee,tax,currency,settled_amount,settlement_id,settlement_utr,created_at,settled_at,method,card_network,source,run_id,batch_id,ingestion_timestamp
sett_0000,payment,PAY_SYNTH_0000,ORD_SYNTH_0000,5655.42,126.77,22.82,INR,5505.83,set_0000,UTR770487,2026-08-29T09:51:34.658016,2026-08-30T09:51:34.658016,UPI,VISA,synthetic,run_8fb0fc91,batch_97e719e9,2026-09-05T04:21:34.657965+00:00
sett_0001,payment,PAY_SYNTH_0001,ORD_SYNTH_0001,29565.58,452.88,81.52,INR,29031.18,set_0001,UTR191161,2026-09-03T09:51:34.658125,2026-09-04T09:51:34.658125,UPI,VISA,synthetic,run_8fb0fc91,batch_97e719e9,2026-09-05T04:21:34.657965+00:00
sett_0002,payment,PAY_SYNTH_0002,ORD_SYNTH_0002,32529.23,665.2,119.74,INR,31744.29,set_0002,UTR850800,2026-08-29T09:51:34.658189,2026-08-30T09:51:34.658189,Card,RuPay,synthetic,run_8fb0fc91,batch_97e719e9,2026-09-05T04:21:34.657965+00:00
sett_0003,payment,PAY_SYNTH_0003,ORD_SYNTH_0003,21188.46,376.7,67.81,INR,20743.95,set_0003,UTR832052,2026-08-30T09:51:34.658243,2026-08-31T09:51:34.658243,Card,VISA,synthetic,run_8fb0fc91,batch_97e719e9,2026-09-05T04:21:34.657965+00:00
sett_0004,payment,PAY_SYNTH_0004,ORD_SYNTH_0004,13299.59,205.27,36.95,INR,13057.37,set_0004,UTR733052,2026-08-22T09:51:34.658291,2026-08-23T09:51:34.658291,Netbanking,VISA,synthetic,run_8fb0fc91,batch_97e719e9,2026-09-05T04:21:34.657965+00:00
sett_0005,payment,PAY_SYNTH_0005,ORD_SYNTH_0005,14729.6,313.54,56.44,INR,14359.62,set_0005,UTR678856,2026-08-08T09:51:34.658336,2026-08-09T09:51:34.658336,Card,RuPay,synthetic,run_8fb0fc91,batch_97e719e9,2026-09-05T04:21:34.657965+00:00
sett_0006,payment,PAY_SYNTH_0006,ORD_SYNTH_0006,14540.46,229.71,41.35,INR,14269.4,set_0006,UTR910620,2026-08-29T09:51:34.658383,2026-08-30T09:51:34.658383,UPI,Mastercard,synthetic,run_8fb0fc91,batch_97e719e9,2026-09-05T04:21:34.657965+00:00
sett_0007,payment,PAY_SYNTH_0007,ORD_SYNTH_0007,18572.03,317.49,57.15,INR,18197.39,set_0007,UTR270555,2026-08-28T09:51:34.658427,2026-08-29T09:51:34.658427,Netbanking,RuPay,synthetic,run_8fb0fc91,batch_97e719e9,2026-09-05T04:21:34.657965+00:00
sett_0008,payment,PAY_SYNTH_0008,ORD_SYNTH_0008,36483.43,606.87,109.24,INR,35767.32,set_0008,UTR660086,2026-08-24T09:51:34.658498,2026-08-25T09:51:34.658498,Card,RuPay,synthetic,run_8fb0fc91,batch_97e719e9,2026-09-05T04:21:34.657965+00:00
sett_0009,payment,PAY_SYNTH_0009,ORD_SYNTH_0009,38438.85,598.08,107.65,INR,37733.12,set_0009,UTR983794,2026-08-10T09:51:34.658542,2026-08-11T09:51:34.658542,UPI,Mastercard,synthetic,run_8fb0fc91,batch_97e719e9,2026-09-05T04:21:34.657965+00:00
sett_0010,payment,PAY_SYNTH_0010,ORD_SYNTH_0010,43830.74,795.39,143.17,INR,42892.18,set_0010,UTR694731,2026-08-16T09:51:34.658588,2026-08-17T09:51:34.658588,Card,Mastercard,synthetic,run_8fb0fc91,batch_97e719e9,2026-09-05T04:21:34.657965+00:00
sett_0011,payment,PAY_SYNTH_0011,ORD_SYNTH_0011,12406.71,255.75,46.03,INR,12104.93,set_0011,UTR246413,2026-08-28T09:51:34.658640,2026-08-29T09:51:34.658640,Netbanking,RuPay,synthetic,run_8fb0fc91,batch_97e719e9,2026-09-05T04:21:34.657965+00:00
sett_0012,payment,PAY_SYNTH_0012,ORD_SYNTH_0012,11044.11,275.83,49.65,INR,10718.63,set_0012,UTR479580,2026-08-20T09:51:34.658684,2026-08-21T09:51:34.658684,Card,VISA,synthetic,run_8fb0fc91,batch_97e719e9,2026-09-05T04:21:34.657965+00:00
sett_0013,payment,PAY_SYNTH_0013,ORD_SYNTH_0013,8083.1,176.25,31.72,INR,7875.13,set_0013,UTR757924,2026-08-17T09:51:34.658754,2026-08-18T09:51:34.658754,UPI,Mastercard,synthetic,run_8fb0fc91,batch_97e719e9,2026-09-05T04:21:34.657965+00:00
sett_0014,payment,PAY_SYNTH_0014,ORD_SYNTH_0014,48556.81,1146.32,206.34,INR,47204.15,set_0014,UTR363626,2026-09-05T09:51:34.658801,2026-09-06T09:51:34.658801,Netbanking,RuPay,synthetic,run_8fb0fc91,batch_97e719e9,2026-09-05T04:21:34.657965+00:00
sett_0015,payment,PAY_SYNTH_0015,ORD_SYNTH_0015,32083.99,517.05,93.07,INR,31473.87,set_0015,UTR905934,2026-08-23T09:51:34.658853,2026-08-24T09:51:34.658853,UPI,Mastercard,synthetic,run_8fb0fc91,batch_97e719e9,2026-09-05T04:21:34.657965+00:00
sett_0016,payment,PAY_SYNTH_0016,ORD_SYNTH_0016,14992.4,320.68,57.72,INR,14614.0,set_0016,UTR755674,2026-08-17T09:51:34.658905,2026-08-18T09:51:34.658905,UPI,VISA,synthetic,run_8fb0fc91,batch_97e719e9,2026-09-05T04:21:34.657965+00:00
sett_0017,payment,PAY_SYNTH_0017,ORD_SYNTH_0017,46129.46,1115.64,200.82,INR,44813.0,set_0017,UTR916449,2026-08-17T09:51:34.658950,2026-08-18T09:51:34.658950,Card,Mastercard,synthetic,run_8fb0fc91,batch_97e719e9,2026-09-05T04:21:34.657965+00:00
sett_0018,payment,PAY_SYNTH_0018,ORD_SYNTH_0018,47352.78,750.85,135.15,INR,46466.78,set_0018,UTR694916,2026-08-21T09:51:34.658999,2026-08-22T09:51:34.658999,UPI,RuPay,synthetic,run_8fb0fc91,batch_97e719e9,2026-09-05T04:21:34.657965+00:00
sett_0019,payment,PAY_SYNTH_0019,ORD_SYNTH_0019,8339.84,169.1,30.44,INR,8140.3,set_0019,UTR676510,2026-08-17T09:51:34.659042,2026-08-18T09:51:34.659042,Card,VISA,synthetic,run_8fb0fc91,batch_97e719e9,2026-09-05T04:21:34.657965+00:00
